,CN,AA,RA,PA,JA,SA,SO,HPI,HDI,LLHN,CAR,CH2_L2,DAGI,DALI,inDAGI,inDALI,PALI,PAGI,CN_DAGI_0.2_0.8,CN_DALI_0.2_0.8,CN_inDAGI_0.2_0.8,CN_inDALI_0.2_0.8,CN_PALI_0.2_0.8,CN_PAGI_0.2_0.8,CN_DAGI_0.4_0.6,CN_DALI_0.4_0.6,CN_inDAGI_0.4_0.6,CN_inDALI_0.4_0.6,CN_PALI_0.4_0.6,CN_PAGI_0.4_0.6,CN_DAGI_0.6_0.4,CN_DALI_0.6_0.4,CN_inDAGI_0.6_0.4,CN_inDALI_0.6_0.4,CN_PALI_0.6_0.4,CN_PAGI_0.6_0.4,CN_DAGI_0.8_0.2,CN_DALI_0.8_0.2,CN_inDAGI_0.8_0.2,CN_inDALI_0.8_0.2,CN_PALI_0.8_0.2,CN_PAGI_0.8_0.2
0,0.8809487569761544,0.8913013698630137,0.9012760020294267,0.651002029426687,0.9348376458650431,0.9255555555555555,0.9348376458650431,0.8319101978691019,0.9511669203450026,0.8328158295281582,0.8946905124302386,0.8982394723490613,0.14868848300355153,0.23026889903602232,0.7763647894469813,0.7637595129375951,0.6091882293252155,0.6509487569761542,0.7912912227295789,0.8053855910705225,0.8599619482496195,0.8127929984779299,0.8457153729071537,0.831740233384069,0.8508320649416539,0.8544063926940639,0.8941045154743785,0.8477955352612887,0.8657001522070016,0.8611314053779806,0.8657889396245559,0.8675266362252664,0.9164079147640791,0.8709614408929478,0.8698249619482498,0.8687163876204972,0.8679832572298325,0.8700228310502284,0.9177879249112124,0.8864967021816336,0.8702866565195332,0.8691780821917807
