,CN,AA,RA,PA,JA,SA,SO,HPI,HDI,LLHN,CAR,CH2_L2,CH2_L3,DAGI,DALI,inDAGI,inDALI,PALI,PAGI,CN_DAGI_0.2_0.8,CN_DALI_0.2_0.8,CN_inDAGI_0.2_0.8,CN_inDALI_0.2_0.8,CN_PALI_0.2_0.8,CN_PAGI_0.2_0.8,CN_DAGI_0.4_0.6,CN_DALI_0.4_0.6,CN_inDAGI_0.4_0.6,CN_inDALI_0.4_0.6,CN_PALI_0.4_0.6,CN_PAGI_0.4_0.6,CN_DAGI_0.6_0.4,CN_DALI_0.6_0.4,CN_inDAGI_0.6_0.4,CN_inDALI_0.6_0.4,CN_PALI_0.6_0.4,CN_PAGI_0.6_0.4,CN_DAGI_0.8_0.2,CN_DALI_0.8_0.2,CN_inDAGI_0.8_0.2,CN_inDALI_0.8_0.2,CN_PALI_0.8_0.2,CN_PAGI_0.8_0.2
0,0.19757832140260384,0.228578386034382,0.21295242716732027,0.1821532852419293,0.135471340051452,0.11842846974157062,0.135471340051452,0.0426289740071803,0.15373508576355507,0.08912795999415368,0.170567927133848,0.21017626571284326,0.09265946335033204,0.016746156079201064,0.016031698468847652,0.06457798016501144,0.02503239798392959,0.1567501559113406,0.1821532852419293,0.01742845870706317,0.026609696011919357,0.23771704907047259,0.026860181311915865,0.2072450530895971,0.20352782650351808,0.0800509520658964,0.1623068711410514,0.25330378487913807,0.030586741672986913,0.2590316377719219,0.22684581414159288,0.18372192759721376,0.21929016891957587,0.3181727807684762,0.03822941610847453,0.27503838060716124,0.23273636721265528,0.207465985828453,0.22092586042075513,0.28262001081691696,0.05800443516837234,0.24932954194327647,0.25396220401990105
