,CN,AA,RA,PA,JA,SA,SO,HPI,HDI,LLHN,CAR,CH2_L2,CH2_L3,DAGI,DALI,inDAGI,inDALI,PALI,PAGI,CN_DAGI_0.2_0.8,CN_DALI_0.2_0.8,CN_inDAGI_0.2_0.8,CN_inDALI_0.2_0.8,CN_PALI_0.2_0.8,CN_PAGI_0.2_0.8,CN_DAGI_0.4_0.6,CN_DALI_0.4_0.6,CN_inDAGI_0.4_0.6,CN_inDALI_0.4_0.6,CN_PALI_0.4_0.6,CN_PAGI_0.4_0.6,CN_DAGI_0.6_0.4,CN_DALI_0.6_0.4,CN_inDAGI_0.6_0.4,CN_inDALI_0.6_0.4,CN_PALI_0.6_0.4,CN_PAGI_0.6_0.4,CN_DAGI_0.8_0.2,CN_DALI_0.8_0.2,CN_inDAGI_0.8_0.2,CN_inDALI_0.8_0.2,CN_PALI_0.8_0.2,CN_PAGI_0.8_0.2
0,0.0027652601392871776,0.0027652601392871776,0.0027652601392871776,0.0029308778425288133,0.0027652601392871776,0.0027652601392871776,0.0027652601392871776,0.0027652601392871776,0.0027652601392871776,0.0027652601392871776,0.0027652601392871776,0.0027652601392871776,0.01617791102158111,0.00245201796152128,0.001943856682612626,0.0033376883797235383,0.003592238103937972,0.0026316174632139942,0.0029308778425288133,0.002450934923837791,0.0019397079084533502,0.003362573202652113,0.00358592843394825,0.002623809776170863,0.0029308778425288133,0.002450371801622474,0.0019349423039492458,0.003318530442401312,0.0035769636782798067,0.0026119212963400715,0.0029205317018303214,0.0024498650979073444,0.0019337451043886806,0.0033516074330746668,0.003555964658589482,0.0025838431139119343,0.002883502368785712,0.0024498650979073444,0.0019337451043886806,0.0033516074330746668,0.0035016392627541418,0.0025230941530650004,0.0028418169787498395
