,CN,AA,RA,PA,JA,SA,SO,HPI,HDI,LLHN,CAR,CH2_L2,CH2_L3,DAGI,DALI,inDAGI,inDALI,PALI,PAGI,CN_DAGI_0.2_0.8,CN_DALI_0.2_0.8,CN_inDAGI_0.2_0.8,CN_inDALI_0.2_0.8,CN_PALI_0.2_0.8,CN_PAGI_0.2_0.8,CN_DAGI_0.4_0.6,CN_DALI_0.4_0.6,CN_inDAGI_0.4_0.6,CN_inDALI_0.4_0.6,CN_PALI_0.4_0.6,CN_PAGI_0.4_0.6,CN_DAGI_0.6_0.4,CN_DALI_0.6_0.4,CN_inDAGI_0.6_0.4,CN_inDALI_0.6_0.4,CN_PALI_0.6_0.4,CN_PAGI_0.6_0.4,CN_DAGI_0.8_0.2,CN_DALI_0.8_0.2,CN_inDAGI_0.8_0.2,CN_inDALI_0.8_0.2,CN_PALI_0.8_0.2,CN_PAGI_0.8_0.2
0,0.015681439489567763,0.00855893236706064,0.005269458682850114,0.00460945326209377,0.004244308464807872,0.004244308464807872,0.004244308464807872,0.004048753697382362,0.004235470628769243,0.0178181916263199,0.0178181916263199,0.0178181916263199,0.0178181916263199,0.7099382173815808,0.016012356199887244,0.003048857914757611,0.003602984506942789,0.003926832392163117,0.00460945326209377,0.6754739963607702,0.027215626826780873,0.003714953954817945,0.0036032792749004826,0.005641172801816302,0.01781324000848141,0.2954531163290965,0.02686466922493696,0.014799887572518322,0.0036072861981762835,0.01056707577466471,0.01781324000848141,0.20003718445660795,0.026717067565392053,0.014799882599382867,0.003617243315128655,0.010567072616740027,0.01781324000848141,0.1521156879715425,0.026717067565392053,0.014799882599382867,0.003891324827056912,0.015676697291582095,0.015676487871729275
