,CN,AA,RA,PA,JA,SA,SO,HPI,HDI,LLHN,CAR,CH2_L2,CH2_L3,DAGI,DALI,inDAGI,inDALI,PALI,PAGI,CN_DAGI_0.2_0.8,CN_DALI_0.2_0.8,CN_inDAGI_0.2_0.8,CN_inDALI_0.2_0.8,CN_PALI_0.2_0.8,CN_PAGI_0.2_0.8,CN_DAGI_0.4_0.6,CN_DALI_0.4_0.6,CN_inDAGI_0.4_0.6,CN_inDALI_0.4_0.6,CN_PALI_0.4_0.6,CN_PAGI_0.4_0.6,CN_DAGI_0.6_0.4,CN_DALI_0.6_0.4,CN_inDAGI_0.6_0.4,CN_inDALI_0.6_0.4,CN_PALI_0.6_0.4,CN_PAGI_0.6_0.4,CN_DAGI_0.8_0.2,CN_DALI_0.8_0.2,CN_inDAGI_0.8_0.2,CN_inDALI_0.8_0.2,CN_PALI_0.8_0.2,CN_PAGI_0.8_0.2
0,0.5679346828086589,0.574220940231997,0.6000091829062973,0.09646555259351008,0.7061912956446944,0.703952302412771,0.7061912956446944,0.510556955501419,0.7236298248718432,0.3602550863644201,0.5626316272503957,0.5961854717674558,0.2964756740352086,0.026534399202935974,0.023813398403182143,0.08346291587921197,0.16093403488688623,0.06940474546411342,0.09656178959547779,0.12348421307678963,0.15865022985147087,0.21199016170877463,0.16917188006858938,0.17143565182310952,0.1763716681879888,0.21746416849371425,0.23345340201190046,0.23695089148192902,0.18385285713053584,0.22550660129256275,0.22067378219815437,0.26137428639549115,0.26757985547862007,0.27033740967869063,0.20726837903322132,0.25437465816294985,0.25522391777441394,0.2841386868565595,0.2857518088749102,0.3531778369142044,0.24422874455067894,0.2822547518482068,0.2755203778116377
