,CN,AA,RA,PA,JA,SA,SO,HPI,HDI,LLHN,CAR,CH2_L2,CH2_L3,DAGI,DALI,inDAGI,inDALI,PALI,PAGI,CN_DAGI_0.2_0.8,CN_DALI_0.2_0.8,CN_inDAGI_0.2_0.8,CN_inDALI_0.2_0.8,CN_PALI_0.2_0.8,CN_PAGI_0.2_0.8,CN_DAGI_0.4_0.6,CN_DALI_0.4_0.6,CN_inDAGI_0.4_0.6,CN_inDALI_0.4_0.6,CN_PALI_0.4_0.6,CN_PAGI_0.4_0.6,CN_DAGI_0.6_0.4,CN_DALI_0.6_0.4,CN_inDAGI_0.6_0.4,CN_inDALI_0.6_0.4,CN_PALI_0.6_0.4,CN_PAGI_0.6_0.4,CN_DAGI_0.8_0.2,CN_DALI_0.8_0.2,CN_inDAGI_0.8_0.2,CN_inDALI_0.8_0.2,CN_PALI_0.8_0.2,CN_PAGI_0.8_0.2
0,0.0027954825002795484,0.0027954825002795484,0.0027954825002795484,0.002562416935064664,0.0027954825002795484,0.0027954825002795484,0.0027954825002795484,0.0027954825002795484,0.0027954825002795484,0.0027954825002795484,0.0027954825002795484,0.0027954825002795484,0.0027954825002795484,0.0022582511105159013,0.0022869276474653246,0.003019508052290848,0.002731118462523892,0.0028082413594762226,0.002562416935064664,0.0022568981861233084,0.0022817981049206904,0.003011661974948523,0.0027276091913767237,0.0028012566809387522,0.002562020133286992,0.0022511737996219815,0.002269782927439159,0.003000670398604616,0.0027229074839836,0.0027809292592783598,0.0025590742246678973,0.002249349496342685,0.002255182978085436,0.002997376845682392,0.0027190343010362206,0.002754739108154656,0.002542663705259514,0.002249349496342685,0.002244597376817552,0.002997376845682392,0.0027055609849112277,0.0026610852663686187,0.002511498282924881
