,CN,AA,RA,PA,JA,SA,SO,HPI,HDI,LLHN,CAR,CH2_L2,CH2_L3,DAGI,DALI,inDAGI,inDALI,PALI,PAGI,CN_DAGI_0.2_0.8,CN_DALI_0.2_0.8,CN_inDAGI_0.2_0.8,CN_inDALI_0.2_0.8,CN_PALI_0.2_0.8,CN_PAGI_0.2_0.8,CN_DAGI_0.4_0.6,CN_DALI_0.4_0.6,CN_inDAGI_0.4_0.6,CN_inDALI_0.4_0.6,CN_PALI_0.4_0.6,CN_PAGI_0.4_0.6,CN_DAGI_0.6_0.4,CN_DALI_0.6_0.4,CN_inDAGI_0.6_0.4,CN_inDALI_0.6_0.4,CN_PALI_0.6_0.4,CN_PAGI_0.6_0.4,CN_DAGI_0.8_0.2,CN_DALI_0.8_0.2,CN_inDAGI_0.8_0.2,CN_inDALI_0.8_0.2,CN_PALI_0.8_0.2,CN_PAGI_0.8_0.2
0,0.013439134507108956,0.013439134507108956,0.013439134507108956,0.05060220014074729,0.013439134507108956,0.013439134507108956,0.013439134507108956,0.013439134507108956,0.013439134507108956,0.013439134507108956,0.013439134507108956,0.013439134507108956,0.2032520364109954,0.007918077644748184,0.007681422400462221,0.05108349768939915,0.03818234487770896,0.03712689680030998,0.0506091323646093,0.007784572162392546,0.007372015074782383,0.04422746099645129,0.034931714730525226,0.01571652976157931,0.023576711938815227,0.007783444295706449,0.007366257221937638,0.03415253776002795,0.02984333718914942,0.013761670789849462,0.018269097558472842,0.007783444295706449,0.00736551593200326,0.024471100431034253,0.024440161691127317,0.013076994394517935,0.015733719609579404,0.007783444295706449,0.007365508325761508,0.01885775549872825,0.018408740232766518,0.01300441925302523,0.014013663778728813
