,CN,AA,RA,PA,JA,SA,SO,HPI,HDI,LLHN,CAR,CH2_L2,CH2_L3,DAGI,DALI,inDAGI,inDALI,PALI,PAGI,CN_DAGI_0.2_0.8,CN_DALI_0.2_0.8,CN_inDAGI_0.2_0.8,CN_inDALI_0.2_0.8,CN_PALI_0.2_0.8,CN_PAGI_0.2_0.8,CN_DAGI_0.4_0.6,CN_DALI_0.4_0.6,CN_inDAGI_0.4_0.6,CN_inDALI_0.4_0.6,CN_PALI_0.4_0.6,CN_PAGI_0.4_0.6,CN_DAGI_0.6_0.4,CN_DALI_0.6_0.4,CN_inDAGI_0.6_0.4,CN_inDALI_0.6_0.4,CN_PALI_0.6_0.4,CN_PAGI_0.6_0.4,CN_DAGI_0.8_0.2,CN_DALI_0.8_0.2,CN_inDAGI_0.8_0.2,CN_inDALI_0.8_0.2,CN_PALI_0.8_0.2,CN_PAGI_0.8_0.2
0,0.10746565849338684,0.1443717628889752,0.14532671265203903,0.07067883936298558,0.07575981798512822,0.07026224387999931,0.07575981798512822,0.030783531181248276,0.10342858269644185,0.06373845015786996,0.08874534877706963,0.1268308735500545,0.07776729588732836,0.008184913035340345,0.006916518989628362,0.026568152311329626,0.02167021353235097,0.018268871651420552,0.07067883936298558,0.00674407161320132,0.0076948674279458135,0.03418271605486381,0.02184089329302783,0.022119632536804813,0.06935203233673636,0.007361487550911766,0.010189903602964975,0.03991645871133907,0.022445589068779685,0.030658850342005585,0.07083102845501411,0.0122154887775545,0.022669520995811907,0.0845643013203199,0.023699508522632765,0.06971949191182612,0.0740278052396936,0.060610580330976306,0.0718457659988032,0.08558604812917082,0.02776999318624302,0.08045735555165995,0.07732737360821461
