,CN,AA,RA,PA,JA,SA,SO,HPI,HDI,LLHN,CAR,CH2_L2,DAGI,DALI,inDAGI,inDALI,PALI,PAGI,CN_DAGI_0.2_0.8,CN_DALI_0.2_0.8,CN_inDAGI_0.2_0.8,CN_inDALI_0.2_0.8,CN_PALI_0.2_0.8,CN_PAGI_0.2_0.8,CN_DAGI_0.4_0.6,CN_DALI_0.4_0.6,CN_inDAGI_0.4_0.6,CN_inDALI_0.4_0.6,CN_PALI_0.4_0.6,CN_PAGI_0.4_0.6,CN_DAGI_0.6_0.4,CN_DALI_0.6_0.4,CN_inDAGI_0.6_0.4,CN_inDALI_0.6_0.4,CN_PALI_0.6_0.4,CN_PAGI_0.6_0.4,CN_DAGI_0.8_0.2,CN_DALI_0.8_0.2,CN_inDAGI_0.8_0.2,CN_inDALI_0.8_0.2,CN_PALI_0.8_0.2,CN_PAGI_0.8_0.2
0,0.8499395478997989,0.8635707040518755,0.864668803999348,0.472058450614936,0.8871526834392942,0.8848432773641978,0.8871526834392942,0.8523915937618867,0.8900066112409208,0.8536991251426398,0.7304017460921226,0.8650457805792533,0.2465223061457371,0.2755404463040447,0.6987221286384466,0.6924357894546178,0.4651494774402724,0.47203467731710413,0.5675003169773044,0.6078073774203481,0.7903591352859134,0.7184879276929486,0.6996617399337064,0.6163691608252277,0.7061076998315492,0.7189282997337392,0.8267436015866978,0.7479237986560163,0.7622353239508051,0.7091325689652049,0.78687351699904,0.7874610570740278,0.8562870184209097,0.7817588617797823,0.7879806734409245,0.7636300240902753,0.8150867612164683,0.8158758082921262,0.8780769439765255,0.8215700791537612,0.7986741292180622,0.7895814088282708
