,CN,AA,RA,PA,JA,SA,SO,HPI,HDI,LLHN,CAR,CH2_L2,DAGI,DALI,inDAGI,inDALI,PALI,PAGI,CN_DAGI_0.2_0.8,CN_DALI_0.2_0.8,CN_inDAGI_0.2_0.8,CN_inDALI_0.2_0.8,CN_PALI_0.2_0.8,CN_PAGI_0.2_0.8,CN_DAGI_0.4_0.6,CN_DALI_0.4_0.6,CN_inDAGI_0.4_0.6,CN_inDALI_0.4_0.6,CN_PALI_0.4_0.6,CN_PAGI_0.4_0.6,CN_DAGI_0.6_0.4,CN_DALI_0.6_0.4,CN_inDAGI_0.6_0.4,CN_inDALI_0.6_0.4,CN_PALI_0.6_0.4,CN_PAGI_0.6_0.4,CN_DAGI_0.8_0.2,CN_DALI_0.8_0.2,CN_inDAGI_0.8_0.2,CN_inDALI_0.8_0.2,CN_PALI_0.8_0.2,CN_PAGI_0.8_0.2
0,0.8874973828986347,0.899788137292024,0.9101960041873622,0.7124048377397154,0.9344045036416687,0.9278618393211128,0.9344045036416687,0.7932323317816335,0.9387873577299152,0.8970099561217898,0.8383863064347283,0.9045153351003409,0.3680600708287859,0.41847386239615125,0.6556897120074837,0.5060377530792703,0.7138512372764327,0.7124385148228166,0.7045783682651402,0.8053339866806245,0.802801968951155,0.5608196316012205,0.861881239281021,0.8219391273359022,0.7826925184310756,0.8391139719803105,0.8589250061251308,0.6181537296478605,0.8633109116422032,0.8447125865870772,0.824839877942847,0.8535594805889034,0.877065572309954,0.6860333207118515,0.8636253647237009,0.853167850858632,0.8544246163440764,0.8628016125799051,0.8928721740873554,0.7596043833663719,0.8638111232376328,0.8558411697886273
