,CN,AA,RA,PA,JA,SA,SO,HPI,HDI,LLHN,CAR,CH2_L2,DAGI,DALI,inDAGI,inDALI,PALI,PAGI,CN_DAGI_0.2_0.8,CN_DALI_0.2_0.8,CN_inDAGI_0.2_0.8,CN_inDALI_0.2_0.8,CN_PALI_0.2_0.8,CN_PAGI_0.2_0.8,CN_DAGI_0.4_0.6,CN_DALI_0.4_0.6,CN_inDAGI_0.4_0.6,CN_inDALI_0.4_0.6,CN_PALI_0.4_0.6,CN_PAGI_0.4_0.6,CN_DAGI_0.6_0.4,CN_DALI_0.6_0.4,CN_inDAGI_0.6_0.4,CN_inDALI_0.6_0.4,CN_PALI_0.6_0.4,CN_PAGI_0.6_0.4,CN_DAGI_0.8_0.2,CN_DALI_0.8_0.2,CN_inDAGI_0.8_0.2,CN_inDALI_0.8_0.2,CN_PALI_0.8_0.2,CN_PAGI_0.8_0.2
0,0.0014034678485343286,0.0014034678485343286,0.0014034678485343286,0.023824070758770556,0.0014034678485343286,0.0014034678485343286,0.0014034678485343286,0.0014034678485343286,0.0014034678485343286,0.0014034678485343286,0.0014034678485343286,0.0014034678485343286,0.017079431581451417,0.018237403380985187,0.0009882360670790736,0.0007847663442126227,0.017829386717587166,0.023829266377969605,0.016124815695336355,0.016544310320529578,0.0008130423140679703,0.000781550144470957,0.016092228960929534,0.023233832209245086,0.015233098167886313,0.015118470912374983,0.0008098983195603089,0.0007796678991537918,0.01296099694952925,0.022114007396694963,0.013918419346306247,0.012415383727251837,0.0008004046383731809,0.0007781878283111593,0.009091512513321132,0.019679248644930432,0.00961879527859742,0.006898411141139129,0.0007799941773321872,0.0007756027715884095,0.004747411958926519,0.013198902223791498
