,CN,AA,RA,PA,JA,SA,SO,HPI,HDI,LLHN,CAR,CH2_L2,CH2_L3,DAGI,DALI,inDAGI,inDALI,PALI,PAGI,CN_DAGI_0.2_0.8,CN_DALI_0.2_0.8,CN_inDAGI_0.2_0.8,CN_inDALI_0.2_0.8,CN_PALI_0.2_0.8,CN_PAGI_0.2_0.8,CN_DAGI_0.4_0.6,CN_DALI_0.4_0.6,CN_inDAGI_0.4_0.6,CN_inDALI_0.4_0.6,CN_PALI_0.4_0.6,CN_PAGI_0.4_0.6,CN_DAGI_0.6_0.4,CN_DALI_0.6_0.4,CN_inDAGI_0.6_0.4,CN_inDALI_0.6_0.4,CN_PALI_0.6_0.4,CN_PAGI_0.6_0.4,CN_DAGI_0.8_0.2,CN_DALI_0.8_0.2,CN_inDAGI_0.8_0.2,CN_inDALI_0.8_0.2,CN_PALI_0.8_0.2,CN_PAGI_0.8_0.2
0,0.012343837404437815,0.012343837404437815,0.012343837404437815,0.03641637488250551,0.012343837404437815,0.012343837404437815,0.012343837404437815,0.012343837404437815,0.012343837404437815,0.012343837404437815,0.012343837404437815,0.012343837404437815,0.14815443931842523,0.007261640607092539,0.0075629300489403984,0.03841363589603081,0.02713123718013204,0.02864567625292284,0.036440553922121775,0.007083341343694661,0.007102721956708988,0.03050111181800509,0.025814160777931593,0.013199912253764108,0.02080678686676775,0.007072153617837874,0.0070784133714508965,0.02443545690839594,0.023425058843574615,0.011446946663892222,0.01519785765900237,0.007077184530207439,0.007077030098637221,0.01848737957779438,0.020082758012610693,0.01109723200463375,0.012980584711200057,0.007077184530207439,0.007077030098637221,0.014691527102811654,0.01595236239128814,0.011016066614320514,0.011893129354767745
