,CN,AA,RA,PA,JA,SA,SO,HPI,HDI,LLHN,CAR,CH2_L2,CH2_L3,DAGI,DALI,inDAGI,inDALI,PALI,PAGI,CN_DAGI_0.2_0.8,CN_DALI_0.2_0.8,CN_inDAGI_0.2_0.8,CN_inDALI_0.2_0.8,CN_PALI_0.2_0.8,CN_PAGI_0.2_0.8,CN_DAGI_0.4_0.6,CN_DALI_0.4_0.6,CN_inDAGI_0.4_0.6,CN_inDALI_0.4_0.6,CN_PALI_0.4_0.6,CN_PAGI_0.4_0.6,CN_DAGI_0.6_0.4,CN_DALI_0.6_0.4,CN_inDAGI_0.6_0.4,CN_inDALI_0.6_0.4,CN_PALI_0.6_0.4,CN_PAGI_0.6_0.4,CN_DAGI_0.8_0.2,CN_DALI_0.8_0.2,CN_inDAGI_0.8_0.2,CN_inDALI_0.8_0.2,CN_PALI_0.8_0.2,CN_PAGI_0.8_0.2
0,0.19757832140260384,0.228578386034382,0.21295242716732027,0.1821532852419293,0.135471340051452,0.11842846974157062,0.135471340051452,0.0426289740071803,0.15373508576355507,0.08912795999415368,0.170567927133848,0.21017626571284326,0.09265946335033204,0.016746156079201064,0.016031698468847652,0.06457798016501144,0.02503239798392959,0.1567501559113406,0.1821532852419293,0.01517497724064682,0.018314053181761863,0.16383879309973257,0.025222822007724743,0.15020475992025453,0.164652989397972,0.01692407897240081,0.02273086764355424,0.1644896383152027,0.026182901262014453,0.14940538192669026,0.16385045757028194,0.02176548511970281,0.047714117419727316,0.15999155763434575,0.028513822427470505,0.1314811731268657,0.1431822526269678,0.06038963257623261,0.07684038449280248,0.13892433133459603,0.035767915931371574,0.11749075892291844,0.12924209076092608
