,CN,AA,RA,PA,JA,SA,SO,HPI,HDI,LLHN,CAR,CH2_L2,DAGI,DALI,inDAGI,inDALI,PALI,PAGI,CN_DAGI_0.2_0.8,CN_DALI_0.2_0.8,CN_inDAGI_0.2_0.8,CN_inDALI_0.2_0.8,CN_PALI_0.2_0.8,CN_PAGI_0.2_0.8,CN_DAGI_0.4_0.6,CN_DALI_0.4_0.6,CN_inDAGI_0.4_0.6,CN_inDALI_0.4_0.6,CN_PALI_0.4_0.6,CN_PAGI_0.4_0.6,CN_DAGI_0.6_0.4,CN_DALI_0.6_0.4,CN_inDAGI_0.6_0.4,CN_inDALI_0.6_0.4,CN_PALI_0.6_0.4,CN_PAGI_0.6_0.4,CN_DAGI_0.8_0.2,CN_DALI_0.8_0.2,CN_inDAGI_0.8_0.2,CN_inDALI_0.8_0.2,CN_PALI_0.8_0.2,CN_PAGI_0.8_0.2
0,0.006661660740851134,0.0064314630290596125,0.004013558490142923,0.005343294834524029,0.002509462449872064,0.0024932480142945274,0.002509462449872064,0.002358517206997472,0.0025570703321416673,0.003414733231540826,0.002425539167283175,0.003753180691488958,0.0019220078401546866,0.0017359192616783806,0.0032010721944661733,0.0035483334648750693,0.004139617836601528,0.005343993681918683,0.0019129728973407995,0.0017597793608958444,0.008484740104789655,0.003556837035093946,0.004282858267383071,0.0053441846141594005,0.0019210473968288122,0.0019422994237462865,0.008452835396442131,0.0035690062258425794,0.004517492825416029,0.005443145766770007,0.0020965360279456315,0.005299114274533383,0.008269885430576308,0.003588939821354842,0.005077255926453986,0.0054750498499834006,0.00562695414899945,0.006176608261909631,0.008153672363875328,0.0036176838635977888,0.005256690497400435,0.005616401448476352
