,CN,AA,RA,PA,JA,SA,SO,HPI,HDI,LLHN,CAR,CH2_L2,CH2_L3,DAGI,DALI,inDAGI,inDALI,PALI,PAGI,CN_DAGI_0.2_0.8,CN_DALI_0.2_0.8,CN_inDAGI_0.2_0.8,CN_inDALI_0.2_0.8,CN_PALI_0.2_0.8,CN_PAGI_0.2_0.8,CN_DAGI_0.4_0.6,CN_DALI_0.4_0.6,CN_inDAGI_0.4_0.6,CN_inDALI_0.4_0.6,CN_PALI_0.4_0.6,CN_PAGI_0.4_0.6,CN_DAGI_0.6_0.4,CN_DALI_0.6_0.4,CN_inDAGI_0.6_0.4,CN_inDALI_0.6_0.4,CN_PALI_0.6_0.4,CN_PAGI_0.6_0.4,CN_DAGI_0.8_0.2,CN_DALI_0.8_0.2,CN_inDAGI_0.8_0.2,CN_inDALI_0.8_0.2,CN_PALI_0.8_0.2,CN_PAGI_0.8_0.2
0,0.0023986909099194893,0.0023867598107047056,0.002379352626071713,0.0037407600473053594,0.002774279779392321,0.0028065201451103966,0.002774279779392321,0.002426908261237498,0.0026377213523798774,0.002580299589201151,0.002411842307598922,0.0023773682064536354,0.002666948479223832,0.001913050095157941,0.0018249536769904626,0.007271331036245962,0.0034512685863574014,0.002999924163663988,0.0037414964304568364,0.001902660513247315,0.0018478505159146982,0.004888540145569208,0.0034511336375248674,0.003035642095327886,0.003741613889219386,0.0019125684967570195,0.001874528571829904,0.004581393981974369,0.003448588257770911,0.0030279419008107013,0.003757168408143393,0.0019378105195884724,0.001907137595409469,0.003989994406764688,0.0034443901048247733,0.0032689051161418382,0.003770017434940077,0.001992311675704441,0.001961506700615091,0.0034518783360558227,0.003414765824205539,0.002953628513186949,0.003758405418697167
