,CN,AA,RA,PA,JA,SA,SO,HPI,HDI,LLHN,CAR,CH2_L2,CH2_L3,DAGI,DALI,inDAGI,inDALI,PALI,PAGI,CN_DAGI_0.2_0.8,CN_DALI_0.2_0.8,CN_inDAGI_0.2_0.8,CN_inDALI_0.2_0.8,CN_PALI_0.2_0.8,CN_PAGI_0.2_0.8,CN_DAGI_0.4_0.6,CN_DALI_0.4_0.6,CN_inDAGI_0.4_0.6,CN_inDALI_0.4_0.6,CN_PALI_0.4_0.6,CN_PAGI_0.4_0.6,CN_DAGI_0.6_0.4,CN_DALI_0.6_0.4,CN_inDAGI_0.6_0.4,CN_inDALI_0.6_0.4,CN_PALI_0.6_0.4,CN_PAGI_0.6_0.4,CN_DAGI_0.8_0.2,CN_DALI_0.8_0.2,CN_inDAGI_0.8_0.2,CN_inDALI_0.8_0.2,CN_PALI_0.8_0.2,CN_PAGI_0.8_0.2
0,0.0023489950406869763,0.0023695166305066897,0.002378100750890029,0.002291561228373047,0.0024055435900845377,0.0024182431415061922,0.0024055435900845377,0.0023529757762553874,0.0023980108543161177,0.002411156200032456,0.002411842307598922,0.002375112697799888,0.002567176808311578,0.001966456524291433,0.001706762403489441,0.004353790934379529,0.0034002598570640275,0.002609863465400812,0.0022932599039300434,0.0019210553472504767,0.0016950253690007904,0.004123723740276532,0.003399662322251448,0.00256093430062556,0.002278437958097256,0.0019166501839217769,0.0017085913049360555,0.004045691166481433,0.003397065853730938,0.0024535042307353002,0.002277639947155923,0.0019336352717115237,0.0017303193385464443,0.0037948427611292418,0.0033877787286398144,0.002331312363383333,0.002231979135550883,0.0019666941635929965,0.0017538360066904396,0.003281003538128308,0.003341944946963363,0.0020888401504682917,0.0021366978991917782
