,CN,AA,RA,PA,JA,SA,SO,HPI,HDI,LLHN,CAR,CH2_L2,CH2_L3,DAGI,DALI,inDAGI,inDALI,PALI,PAGI,CN_DAGI_0.2_0.8,CN_DALI_0.2_0.8,CN_inDAGI_0.2_0.8,CN_inDALI_0.2_0.8,CN_PALI_0.2_0.8,CN_PAGI_0.2_0.8,CN_DAGI_0.4_0.6,CN_DALI_0.4_0.6,CN_inDAGI_0.4_0.6,CN_inDALI_0.4_0.6,CN_PALI_0.4_0.6,CN_PAGI_0.4_0.6,CN_DAGI_0.6_0.4,CN_DALI_0.6_0.4,CN_inDAGI_0.6_0.4,CN_inDALI_0.6_0.4,CN_PALI_0.6_0.4,CN_PAGI_0.6_0.4,CN_DAGI_0.8_0.2,CN_DALI_0.8_0.2,CN_inDAGI_0.8_0.2,CN_inDALI_0.8_0.2,CN_PALI_0.8_0.2,CN_PAGI_0.8_0.2
0,0.0014196429510345866,0.0014196429510345866,0.0014196429510345866,0.003388285447346203,0.0014196429510345866,0.0014196429510345866,0.0014196429510345866,0.0014196429510345866,0.0014196429510345866,0.0014196429510345866,0.0014196429510345866,0.0014196429510345866,0.009308405338048328,0.0011121006350501693,0.0010632989961692429,0.0023843353433611746,0.001995867495142671,0.0029830824987984988,0.0033905083536950606,0.0010833905047983809,0.0009934160587009978,0.0018184280948711005,0.0019927648064420873,0.002629469578230748,0.0033309507689577725,0.0010748203204542768,0.000980896752271834,0.0017783892154666127,0.00198770988130103,0.002572515121223508,0.0031195649526809437,0.0010713323754856857,0.0009759263265394135,0.0016755893662698277,0.001977496937739943,0.0023790238671983228,0.0029222404297477743,0.0010713306054068684,0.000974271437254336,0.0015304941533208103,0.0019442275833578,0.001832973206115349,0.002728154445303739
