,CN,AA,RA,PA,JA,SA,SO,HPI,HDI,LLHN,CAR,CH2_L2,CH2_L3,DAGI,DALI,inDAGI,inDALI,PALI,PAGI,CN_DAGI_0.2_0.8,CN_DALI_0.2_0.8,CN_inDAGI_0.2_0.8,CN_inDALI_0.2_0.8,CN_PALI_0.2_0.8,CN_PAGI_0.2_0.8,CN_DAGI_0.4_0.6,CN_DALI_0.4_0.6,CN_inDAGI_0.4_0.6,CN_inDALI_0.4_0.6,CN_PALI_0.4_0.6,CN_PAGI_0.4_0.6,CN_DAGI_0.6_0.4,CN_DALI_0.6_0.4,CN_inDAGI_0.6_0.4,CN_inDALI_0.6_0.4,CN_PALI_0.6_0.4,CN_PAGI_0.6_0.4,CN_DAGI_0.8_0.2,CN_DALI_0.8_0.2,CN_inDAGI_0.8_0.2,CN_inDALI_0.8_0.2,CN_PALI_0.8_0.2,CN_PAGI_0.8_0.2
0,0.2254836429061987,0.22635573156360814,0.25866528914497705,0.2653812260992969,0.022130901391049222,0.021795105333924772,0.022130901391049222,0.02301966717931821,0.022492722822670598,0.3236813130063009,0.06837429487240398,0.25953406640791366,0.1822293469236427,0.07318428049093896,0.06894045103099575,0.025477823731565076,0.02640264903304058,0.28373920483857873,0.2653812260992969,0.2646537304575152,0.2114352656119574,0.15299424634380007,0.027456948529370542,0.22549457860326141,0.23598179474039765,0.25610123958424197,0.2595887514929762,0.22750847614193154,0.031117983367766916,0.224376948023674,0.2293134446776606,0.2260054796239733,0.22609540018230406,0.2240744101991668,0.03609500290109076,0.22437776120427902,0.2291343297475955,0.22587095782873876,0.22427223679319747,0.2238553119999507,0.04240246335005468,0.2261020802670934,0.2271920664673538
