,CN,AA,RA,PA,JA,SA,SO,HPI,HDI,LLHN,CAR,CH2_L2,CH2_L3,DAGI,DALI,inDAGI,inDALI,PALI,PAGI,CN_DAGI_0.2_0.8,CN_DALI_0.2_0.8,CN_inDAGI_0.2_0.8,CN_inDALI_0.2_0.8,CN_PALI_0.2_0.8,CN_PAGI_0.2_0.8,CN_DAGI_0.4_0.6,CN_DALI_0.4_0.6,CN_inDAGI_0.4_0.6,CN_inDALI_0.4_0.6,CN_PALI_0.4_0.6,CN_PAGI_0.4_0.6,CN_DAGI_0.6_0.4,CN_DALI_0.6_0.4,CN_inDAGI_0.6_0.4,CN_inDALI_0.6_0.4,CN_PALI_0.6_0.4,CN_PAGI_0.6_0.4,CN_DAGI_0.8_0.2,CN_DALI_0.8_0.2,CN_inDAGI_0.8_0.2,CN_inDALI_0.8_0.2,CN_PALI_0.8_0.2,CN_PAGI_0.8_0.2
0,0.010089021785561727,0.010005231107585003,0.009982554502004231,0.008230325895166882,0.037671952074367895,0.038839723795728406,0.037671952074367895,0.015126302871329217,0.03251768486010968,0.008487112155701724,0.00992949450730052,0.010030548177875704,0.006854445565113724,0.0067086594326096136,0.0058413631413447575,0.009636888394375575,0.01442559297000351,0.007208565166626622,0.008230325895166882,0.006621781938810077,0.006831357243426995,0.011675752026442145,0.014466362617409703,0.009600371506478553,0.008187681659299516,0.007140664912841186,0.007797178683979831,0.011714002909366073,0.014526141036869378,0.009622786701894157,0.008758749536900493,0.008227607137994704,0.00826478054059461,0.011860947341194052,0.014606055092825575,0.009622786701894157,0.009396809132566089,0.008617658567487384,0.00826478054059461,0.012911156840174229,0.014700215543862616,0.009622786701894157,0.009924919538740976
