,CN,AA,RA,PA,JA,SA,SO,HPI,HDI,LLHN,CAR,CH2_L2,CH2_L3,DAGI,DALI,inDAGI,inDALI,PALI,PAGI,CN_DAGI_0.2_0.8,CN_DALI_0.2_0.8,CN_inDAGI_0.2_0.8,CN_inDALI_0.2_0.8,CN_PALI_0.2_0.8,CN_PAGI_0.2_0.8,CN_DAGI_0.4_0.6,CN_DALI_0.4_0.6,CN_inDAGI_0.4_0.6,CN_inDALI_0.4_0.6,CN_PALI_0.4_0.6,CN_PAGI_0.4_0.6,CN_DAGI_0.6_0.4,CN_DALI_0.6_0.4,CN_inDAGI_0.6_0.4,CN_inDALI_0.6_0.4,CN_PALI_0.6_0.4,CN_PAGI_0.6_0.4,CN_DAGI_0.8_0.2,CN_DALI_0.8_0.2,CN_inDAGI_0.8_0.2,CN_inDALI_0.8_0.2,CN_PALI_0.8_0.2,CN_PAGI_0.8_0.2
0,0.0024015071580245316,0.002397820398228533,0.002398682892900947,0.0023455911564655,0.0024073731128324456,0.0024047824326320585,0.0024073731128324456,0.0023914979450030877,0.0024178773919516453,0.002407628485606958,0.0024281667341157424,0.00239866231753131,0.0024442906287904824,0.0017610913287696693,0.0018209761729679973,0.003493785305159223,0.003275413925013848,0.002299378862972744,0.0023455911564655,0.001753135027580935,0.0018148357602101655,0.00346036887681523,0.003270929045526003,0.00228090926723698,0.0023313835455880364,0.0017558054581210568,0.0018181628895855273,0.0034491314294148047,0.003261506886461043,0.0022485840660288383,0.0022960673455477633,0.0017717583941480371,0.0018349407038841807,0.003423272362784717,0.0032410747946420523,0.002178841543983342,0.0022331108206637786,0.001785624495465381,0.0018465734244448838,0.00315760801800008,0.003190469376579603,0.0021243540315222034,0.002135746016502485
