,facebook414,facebook348,aves-weaver-social,bio-SC-TS,CAG_mat72,ENZYMES123,ENZYMES8,reptilia-tortoise-network-bsv,reptilia-tortoise-network-cs,reptilia-tortoise-network-fi,reptilia-tortoise-network-lm,reptilia-tortoise-network-mc,reptilia-tortoise-network-pv,reptilia-tortoise-network-sg
0,0.3064210522142954,0.22269166051622497,0.20000295169108667,0.9211118566340593,0.04703047302068601,0.09116044563714684,0.016079112251829834,0.3253874106271273,0.393367169575193,0.4765607192805185,0.11814639838882747,0.040834845735026645,0.05826239207873018,0.01621621621621712
1,0.2202479258268673,-0.0001626733214372198,0.013417781529437742,0.8374964707332607,-0.10315003078730413,-0.03600494823881745,-0.20499758700198312,0.13168192805095358,0.19906471546962926,0.31264504908723595,-0.1296071532824286,-0.34168254832561945,-0.12562282012954654,-0.24907063197025922
