,CN,AA,RA,PA,JA,SA,SO,HPI,HDI,LLHN,CAR,CH2_L2,CH2_L3,DAGI,DALI,inDAGI,inDALI,PALI,PAGI,CN_DAGI_0.2_0.8,CN_DALI_0.2_0.8,CN_inDAGI_0.2_0.8,CN_inDALI_0.2_0.8,CN_PALI_0.2_0.8,CN_PAGI_0.2_0.8,CN_DAGI_0.4_0.6,CN_DALI_0.4_0.6,CN_inDAGI_0.4_0.6,CN_inDALI_0.4_0.6,CN_PALI_0.4_0.6,CN_PAGI_0.4_0.6,CN_DAGI_0.6_0.4,CN_DALI_0.6_0.4,CN_inDAGI_0.6_0.4,CN_inDALI_0.6_0.4,CN_PALI_0.6_0.4,CN_PAGI_0.6_0.4,CN_DAGI_0.8_0.2,CN_DALI_0.8_0.2,CN_inDAGI_0.8_0.2,CN_inDALI_0.8_0.2,CN_PALI_0.8_0.2,CN_PAGI_0.8_0.2
0,0.0025783364022823677,0.002718954785134712,0.0027070024820272055,0.00466732511699516,0.0028347175690661393,0.0028076652337231103,0.0028347175690661393,0.0024549981930886587,0.002982240744226764,0.0028526128082616703,0.002411842307598922,0.0026941017401199354,0.0034230286573480578,0.00196346257917483,0.001837613610965961,0.013434249868472128,0.0037165726386957053,0.005209411004184431,0.004670468968912824,0.0019755410633395714,0.001888772972212044,0.010922128387097677,0.0037700087100899244,0.0053991797961394,0.004685441541716925,0.0020013347234391784,0.0019410608814323953,0.008698947301359452,0.0037746947447270165,0.005194996335106818,0.00426894892191234,0.0020509285886543328,0.001999041555588592,0.006288674653769524,0.0037831659271044035,0.004090440701841518,0.004276550358420872,0.0021465712993412205,0.002195022465153959,0.004549114657775824,0.003797351269724119,0.00348798647256118,0.004146940417048001
