,CN,AA,RA,PA,JA,SA,SO,HPI,HDI,LLHN,CAR,CH2_L2,CH2_L3,DAGI,DALI,inDAGI,inDALI,PALI,PAGI,CN_DAGI_0.2_0.8,CN_DALI_0.2_0.8,CN_inDAGI_0.2_0.8,CN_inDALI_0.2_0.8,CN_PALI_0.2_0.8,CN_PAGI_0.2_0.8,CN_DAGI_0.4_0.6,CN_DALI_0.4_0.6,CN_inDAGI_0.4_0.6,CN_inDALI_0.4_0.6,CN_PALI_0.4_0.6,CN_PAGI_0.4_0.6,CN_DAGI_0.6_0.4,CN_DALI_0.6_0.4,CN_inDAGI_0.6_0.4,CN_inDALI_0.6_0.4,CN_PALI_0.6_0.4,CN_PAGI_0.6_0.4,CN_DAGI_0.8_0.2,CN_DALI_0.8_0.2,CN_inDAGI_0.8_0.2,CN_inDALI_0.8_0.2,CN_PALI_0.8_0.2,CN_PAGI_0.8_0.2
0,0.002409010879491285,0.0025286111648269924,0.0025329270449559044,0.0020576647991285553,0.0028346039384568415,0.0028642155136946916,0.0028346039384568415,0.002408216918258446,0.0028586504534738534,0.0025304442547094685,0.002411842307598922,0.002526769998120931,0.002109636668167536,0.001987259655200553,0.0018650012076403767,0.003937334603569252,0.0029419802838942825,0.0021720243701316023,0.0020588680879198708,0.0019596428014724255,0.0018775236757166156,0.006806039511417158,0.002943506767859125,0.0022098532769957023,0.0020702582073425617,0.001961659058659592,0.0018994808585648987,0.0067831112011154686,0.00294275752429482,0.0022062322553600792,0.002094781710711008,0.001994161076921161,0.0019273470589770522,0.003907856881740047,0.0029427686802377035,0.0021931639328456307,0.0021109640424411278,0.0020457800157298767,0.001998178871360938,0.003445017370229732,0.0029319701291108716,0.002163476216921139,0.002101301100349205
