,CN,AA,RA,PA,JA,SA,SO,HPI,HDI,LLHN,CAR,CH2_L2,CH2_L3,DAGI,DALI,inDAGI,inDALI,PALI,PAGI,CN_DAGI_0.2_0.8,CN_DALI_0.2_0.8,CN_inDAGI_0.2_0.8,CN_inDALI_0.2_0.8,CN_PALI_0.2_0.8,CN_PAGI_0.2_0.8,CN_DAGI_0.4_0.6,CN_DALI_0.4_0.6,CN_inDAGI_0.4_0.6,CN_inDALI_0.4_0.6,CN_PALI_0.4_0.6,CN_PAGI_0.4_0.6,CN_DAGI_0.6_0.4,CN_DALI_0.6_0.4,CN_inDAGI_0.6_0.4,CN_inDALI_0.6_0.4,CN_PALI_0.6_0.4,CN_PAGI_0.6_0.4,CN_DAGI_0.8_0.2,CN_DALI_0.8_0.2,CN_inDAGI_0.8_0.2,CN_inDALI_0.8_0.2,CN_PALI_0.8_0.2,CN_PAGI_0.8_0.2
0,0.003904164449285989,0.004139823806767084,0.004629608151172481,0.001466742623977678,0.0020376380252501223,0.0020517885898599228,0.0020376380252501223,0.000985688909158411,0.002026065386314607,0.000997613650798889,0.003265871193723577,0.004794318034195809,0.0005980039647899409,0.0004663592372073015,0.000411769763923228,0.003200616647898732,0.0004765897378731594,0.000893358164060134,0.0014663942639033373,0.0005031926124814978,0.0007071642230485536,0.003617287458232759,0.00045447027460208863,0.001360864288125734,0.0015769957701324171,0.002201696676537114,0.0022966827574828924,0.003660985790189108,0.0004554281747558762,0.001468462052733036,0.001680143847162671,0.002293473487148625,0.0023162058625631975,0.0037730595418447982,0.00045687280855034743,0.0015570085502676447,0.001776576520312592,0.0028952188253521145,0.0028858511279752997,0.003989696250391967,0.00046234296546909614,0.0016736184364081871,0.0018719090513123118
